<?xml version="1.0" encoding="UTF-8"?>
<beans xmlns="http://www.springframework.org/schema/beans"
	xmlns:xsi="http://www.w3.org/2001/XMLSchema-instance" xmlns:jee="http://www.springframework.org/schema/jee"
	xmlns:p="http://www.springframework.org/schema/p" xmlns:tx="http://www.springframework.org/schema/tx"
	xmlns:aop="http://www.springframework.org/schema/aop"
	xsi:schemaLocation="
		 http://www.springframework.org/schema/beans http://www.springframework.org/schema/beans/spring-beans-3.0.xsd
         http://www.springframework.org/schema/jee http://www.springframework.org/schema/jee/spring-jee-3.0.xsd
		 http://www.springframework.org/schema/tx http://www.springframework.org/schema/tx/spring-tx-3.0.xsd
		 http://www.springframework.org/schema/aop http://www.springframework.org/schema/aop/spring-aop-3.0.xsd">

	<bean id="jdbcTemplate" class="org.springframework.jdbc.core.JdbcTemplate">
		<property name="dataSource" ref="dataSource" />
	</bean>

	<bean id="transactionManager" class="org.springframework.jdbc.datasource.DataSourceTransactionManager">
		<property name="dataSource" ref="dataSource"></property>
	</bean>
	<!-- 声明使用注解式事务 -->
	<tx:annotation-driven transaction-manager="transactionManager" />

	<bean id="dataSource"
		class="org.springframework.jdbc.datasource.DriverManagerDataSource">
		<property name="driverClassName" value="com.mysql.jdbc.Driver" />
		<property name="url" value="jdbc:mysql://localhost:3306/jstelecom?useUnicode=true&amp;characterEncoding=UTF-8" />
		<property name="username" value="ismpadmin" />
		<property name="password" value="admin123" />
		<!--<property name="username" value="root" />
		<property name="password" value="root" />-->
	</bean>

	<bean id="smsNotificationBindingImpl" class="cn.com.chinatelecom.www.wsdl.ctcc.sms.notification.v2_1.service.SmsNotificationBindingImpl">
		<property name="jdbcTemplate" ref="jdbcTemplate"></property>
	</bean>

	<!-- <bean id="ismpSpEngineImpl" class="com.chinatelecom.ismp.sp.IsmpSpEngineImpl">
		<property name="jdbcTemplate" ref="jdbcTemplate"></property>
	</bean> -->

</beans>